Workbook

Sheet Planilha1
D2: Valor
B3: CPF: | C3: 55621443870 | D3: =IF(CONCATENATE(Planilha2!N4,Planilha2!N10)=RIGHT(Planilha1!C3,2),"Verdadeiro","Falso") -> Verdadeiro
B4: CNPJ: | C4: 40.432 544 0001-47 | D4: =IF((TRIM(Planilha2!Q18) & TRIM(Planilha2!Q23)) = TRIM(RIGHT(Planilha1!C4,2)), "Verdadeiro", "Falso") -> Verdadeiro
B6: Ana Carolina Lamann & Adriel da Silva Alves

Sheet Planilha2
A1: Calculo CPF | M1: VERIFICADOR 1
A2: CPF | B2: =MID(SUBSTITUTE(SUBSTITUTE(SUBSTITUTE(SUBSTITUTE(Planilha1!C3,".",""),"-",""),"/","")," ",""),1,1) -> 5 | C2: =MID(SUBSTITUTE(SUBSTITUTE(SUBSTITUTE(SUBSTITUTE(Planilha1!C3,".",""),"-",""),"/","")," ",""),2,1) -> 5 | D2: =MID(SUBSTITUTE(SUBSTITUTE(SUBSTITUTE(SUBSTITUTE(Planilha1!C3,".",""),"-",""),"/","")," ",""),3,1) -> 6 | E2: =MID(SUBSTITUTE(SUBSTITUTE(SUBSTITUTE(SUBSTITUTE(Planilha1!C3,".",""),"-",""),"/","")," ",""),4,1) -> 2 | F2: =MID(SUBSTITUTE(SUBSTITUTE(SUBSTITUTE(SUBSTITUTE(Planilha1!C3,".",""),"-",""),"/","")," ",""),5,1) -> 1 | G2: =MID(SUBSTITUTE(SUBSTITUTE(SUBSTITUTE(SUBSTITUTE(Planilha1!C3,".",""),"-",""),"/","")," ",""),6,1) -> 4 | H2: =MID(SUBSTITUTE(SUBSTITUTE(SUBSTITUTE(SUBSTITUTE(Planilha1!C3,".",""),"-",""),"/","")," ",""),7,1) -> 4 | I2: =MID(SUBSTITUTE(SUBSTITUTE(SUBSTITUTE(SUBSTITUTE(Planilha1!C3,".",""),"-",""),"/","")," ",""),8,1) -> 3 | J2: =MID(SUBSTITUTE(SUBSTITUTE(SUBSTITUTE(SUBSTITUTE(Planilha1!C3,".",""),"-",""),"/","")," ",""),9,1) -> 8 | M2: SOMA | N2: =SUM(B4:J4) -> 224
A3: Calculo CPF | B3: 10 | C3: 9 | D3: 8 | E3: 7 | F3: 6 | G3: 5 | H3: 4 | I3: 3 | J3: 2 | M3: Resto divisao | N3: =MOD(N2,11) -> 4 | O3: =MID(SUBSTITUTE(SUBSTITUTE(SUBSTITUTE(SUBSTITUTE(Planilha1!C4,".",""),"-",""),"/","")," ",""),15,1)
A4: Resultado | B4: =B2*B3 -> 50 | C4: =C2*C3 -> 45 | D4: =D2*D3 -> 48 | E4: =E2*E3 -> 14 | F4: =F2*F3 -> 6 | G4: =G2*G3 -> 20 | H4: =H2*H3 -> 16 | I4: =I2*I3 -> 9 | J4: =J2*J3 -> 16 | M4: Digito 1 | N4: =IF((11-N3)<=9,11-N3,0) -> 7
M7: VERIFICADOR 2
A8: CPF | B8: =MID(SUBSTITUTE(SUBSTITUTE(SUBSTITUTE(SUBSTITUTE(Planilha1!C3,".",""),"-",""),"/","")," ",""),1,1) -> 5 | C8: =MID(SUBSTITUTE(SUBSTITUTE(SUBSTITUTE(SUBSTITUTE(Planilha1!C3,".",""),"-",""),"/","")," ",""),2,1) -> 5 | D8: =MID(SUBSTITUTE(SUBSTITUTE(SUBSTITUTE(SUBSTITUTE(Planilha1!C3,".",""),"-",""),"/","")," ",""),3,1) -> 6 | E8: =MID(SUBSTITUTE(SUBSTITUTE(SUBSTITUTE(SUBSTITUTE(Planilha1!C3,".",""),"-",""),"/","")," ",""),4,1) -> 2 | F8: =MID(SUBSTITUTE(SUBSTITUTE(SUBSTITUTE(SUBSTITUTE(Planilha1!C3,".",""),"-",""),"/","")," ",""),5,1) -> 1 | G8: =MID(SUBSTITUTE(SUBSTITUTE(SUBSTITUTE(SUBSTITUTE(Planilha1!C3,".",""),"-",""),"/","")," ",""),6,1) -> 4 | H8: =MID(SUBSTITUTE(SUBSTITUTE(SUBSTITUTE(SUBSTITUTE(Planilha1!C3,".",""),"-",""),"/","")," ",""),7,1) -> 4 | I8: =MID(SUBSTITUTE(SUBSTITUTE(SUBSTITUTE(SUBSTITUTE(Planilha1!C3,".",""),"-",""),"/","")," ",""),8,1) -> 3 | J8: =MID(SUBSTITUTE(SUBSTITUTE(SUBSTITUTE(SUBSTITUTE(Planilha1!C3,".",""),"-",""),"/","")," ",""),9,1) -> 8 | K8: =MID(SUBSTITUTE(SUBSTITUTE(SUBSTITUTE(SUBSTITUTE(Planilha1!C3,".",""),"-",""),"/","")," ",""),10,1) -> 7 | M8: SOMA | N8: =SUM(B10:K10) -> 276
A9: Calculo CPF | B9: 11 | C9: 10 | D9: 9 | E9: 8 | F9: 7 | G9: 6 | H9: 5 | I9: 4 | J9: 3 | K9: 2 | M9: Resto divisao | N9: =MOD(N8,11) -> 1
A10: Resultado | B10: =B8*B9 -> 55 | C10: =C8*C9 -> 50 | D10: =D8*D9 -> 54 | E10: =E8*E9 -> 16 | F10: =F8*F9 -> 7 | G10: =G8*G9 -> 24 | H10: =H8*H9 -> 20 | I10: =I8*I9 -> 12 | ... K10: =K8*K9 -> 14 | M10: Digito 2 | N10: =IF((11-N9)<=9,11-N9,0) -> 0
A14: Calculo CNPJ
A15: CNPJ | B15: =MID(SUBSTITUTE(SUBSTITUTE(SUBSTITUTE(SUBSTITUTE(Planilha1!C4,".",""),"-",""),"/","")," ",""),1,1) -> 4 | C15: =MID(SUBSTITUTE(SUBSTITUTE(SUBSTITUTE(SUBSTITUTE(Planilha1!C4,".",""),"-",""),"/","")," ",""),2,1) -> 0 | D15: =MID(SUBSTITUTE(SUBSTITUTE(SUBSTITUTE(SUBSTITUTE(Planilha1!C4,".",""),"-",""),"/","")," ",""),3,1) -> 4 | E15: =MID(SUBSTITUTE(SUBSTITUTE(SUBSTITUTE(SUBSTITUTE(Planilha1!C4,".",""),"-",""),"/","")," ",""),4,1) -> 3 | F15: =MID(SUBSTITUTE(SUBSTITUTE(SUBSTITUTE(SUBSTITUTE(Planilha1!C4,".",""),"-",""),"/","")," ",""),5,1) -> 2 | G15: =MID(SUBSTITUTE(SUBSTITUTE(SUBSTITUTE(SUBSTITUTE(Planilha1!C4,".",""),"-",""),"/","")," ",""),6,1) -> 5 | H15: =MID(SUBSTITUTE(SUBSTITUTE(SUBSTITUTE(SUBSTITUTE(Planilha1!C4,".",""),"-",""),"/","")," ",""),7,1) -> 4 | I15: =MID(SUBSTITUTE(SUBSTITUTE(SUBSTITUTE(SUBSTITUTE(Planilha1!C4,".",""),"-",""),"/","")," ",""),8,1) -> 4 | J15: =MID(SUBSTITUTE(SUBSTITUTE(SUBSTITUTE(SUBSTITUTE(Planilha1!C4,".",""),"-",""),"/","")," ",""),9,1) -> 0 | K15: =MID(SUBSTITUTE(SUBSTITUTE(SUBSTITUTE(SUBSTITUTE(Planilha1!C4,".",""),"-",""),"/","")," ",""),10,1) -> 0 | L15: =MID(SUBSTITUTE(SUBSTITUTE(SUBSTITUTE(SUBSTITUTE(Planilha1!C4,".",""),"-",""),"/","")," ",""),11,1) -> 0 | M15: =MID(SUBSTITUTE(SUBSTITUTE(SUBSTITUTE(SUBSTITUTE(Planilha1!C4,".",""),"-",""),"/","")," ",""),12,1) -> 1 | P15: VERIFICADOR 1
A16: Calculo CNPJ | B16: 5 | C16: 4 | D16: 3 | E16: 2 | F16: 9 | G16: 8 | H16: 7 | I16: 6 | J16: 5 | K16: 4 | L16: 3 | M16: 2 | P16: SOMA | Q16: =SUM(B17:M17) -> 150
A17: Resultado | B17: =B15*B16 -> 20 | C17: =C15*C16 -> 0 | D17: =D15*D16 -> 12 | E17: =E15*E16 -> 6 | F17: =F15*F16 -> 18 | G17: =G15*G16 -> 40 | H17: =H15*H16 -> 28 | I17: =I15*I16 -> 24 | ... M17: =M15*M16 -> 2 | P17: Resto divisão | Q17: =MOD(Q16,11) -> 7
P18: Digito | Q18: =IF(Q17<2,0,11-Q17) -> 4
A20: CNPJ | B20: =MID(SUBSTITUTE(SUBSTITUTE(SUBSTITUTE(SUBSTITUTE(Planilha1!C4,".",""),"-",""),"/","")," ",""),1,1) -> 4 | C20: =MID(SUBSTITUTE(SUBSTITUTE(SUBSTITUTE(SUBSTITUTE(Planilha1!C4,".",""),"-",""),"/","")," ",""),2,1) -> 0 | D20: =MID(SUBSTITUTE(SUBSTITUTE(SUBSTITUTE(SUBSTITUTE(Planilha1!C4,".",""),"-",""),"/","")," ",""),3,1) -> 4 | E20: =MID(SUBSTITUTE(SUBSTITUTE(SUBSTITUTE(SUBSTITUTE(Planilha1!C4,".",""),"-",""),"/","")," ",""),4,1) -> 3 | F20: =MID(SUBSTITUTE(SUBSTITUTE(SUBSTITUTE(SUBSTITUTE(Planilha1!C4,".",""),"-",""),"/","")," ",""),5,1) -> 2 | G20: =MID(SUBSTITUTE(SUBSTITUTE(SUBSTITUTE(SUBSTITUTE(Planilha1!C4,".",""),"-",""),"/","")," ",""),6,1) -> 5 | H20: =MID(SUBSTITUTE(SUBSTITUTE(SUBSTITUTE(SUBSTITUTE(Planilha1!C4,".",""),"-",""),"/","")," ",""),7,1) -> 4 | I20: =MID(SUBSTITUTE(SUBSTITUTE(SUBSTITUTE(SUBSTITUTE(Planilha1!C4,".",""),"-",""),"/","")," ",""),8,1) -> 4 | J20: =MID(SUBSTITUTE(SUBSTITUTE(SUBSTITUTE(SUBSTITUTE(Planilha1!C4,".",""),"-",""),"/","")," ",""),9,1) -> 0 | K20: =MID(SUBSTITUTE(SUBSTITUTE(SUBSTITUTE(SUBSTITUTE(Planilha1!C4,".",""),"-",""),"/","")," ",""),10,1) -> 0 | L20: =MID(SUBSTITUTE(SUBSTITUTE(SUBSTITUTE(SUBSTITUTE(Planilha1!C4,".",""),"-",""),"/","")," ",""),11,1) -> 0 | M20: =MID(SUBSTITUTE(SUBSTITUTE(SUBSTITUTE(SUBSTITUTE(Planilha1!C4,".",""),"-",""),"/","")," ",""),12,1) -> 1 | N20: =MID(SUBSTITUTE(SUBSTITUTE(SUBSTITUTE(SUBSTITUTE(Planilha1!C4,".",""),"-",""),"/","")," ",""),1,1) -> 4 | P20: VERIFICADOR 2
A21: Calculo CNPJ | B21: 6 | C21: 5 | D21: 4 | E21: 3 | F21: 2 | G21: 9 | H21: 8 | I21: 7 | J21: 6 | K21: 5 | L21: 4 | M21: 3 | N21: 2 | P21: SOMA | Q21: =SUM(B22:N22) -> 169
A22: Resultado | B22: =B20*B21 -> 24 | C22: =C20*C21 -> 0 | D22: =D20*D21 -> 16 | E22: =E20*E21 -> 9 | F22: =F20*F21 -> 4 | G22: =G20*G21 -> 45 | H22: =H20*H21 -> 32 | I22: =I20*I21 -> 28 | ... N22: =N20*N21 -> 8 | P22: Resto divisão | Q22: =MOD(Q21,11) -> 4
P23: Digito | Q23: =IF(Q22<2,0,11-Q22) -> 7
B26: Ana Carolina Lamann & Adriel da Silva Alves
